Issue key,Summary,Issue Type,Status,Priority,Assignee,Sprint,Story Points,Epic Link,Created,Updated,Resolved
ORB-1001,Optimise password reset,Task,Done,Medium,Samuel Okafor,Sprint 1,1,Search relevance,7/Jun/26 04:00 PM,10/Jun/26 07:51 AM,10/Jun/26 07:51 AM
ORB-1002,Refactor export to CSV,Bug,Done,High,Aiko Tanaka,Sprint 1,1,Reporting API,27/May/26 09:00 AM,11/Jun/26 04:34 AM,11/Jun/26 04:34 AM
ORB-1003,Validate error banner,Story,Done,High,Lena Kraus,Sprint 1,2,Reporting API,19/May/26 01:00 AM,7/Jun/26 01:13 PM,7/Jun/26 01:13 PM
ORB-1004,Add error banner,Story,Done,Medium,Tomás Ribeiro,Sprint 1,8,Payment retries,31/May/26 02:00 AM,8/Jun/26 02:26 AM,8/Jun/26 02:26 AM
ORB-1005,Document basket total,Story,Done,Medium,Jonas Weber,Sprint 1,13,Checkout redesign,31/May/26 02:00 AM,6/Jun/26 11:41 AM,6/Jun/26 11:41 AM
ORB-1006,Improve search filters,Story,In Progress,Medium,Lena Kraus,Sprint 8,1,Mobile onboarding,7/Jun/26 01:00 PM,2/Jun/26 09:00 AM,
ORB-1007,Remove user roles,Story,Done,High,Samuel Okafor,Sprint 1,2,Payment retries,30/May/26 08:00 AM,10/Jun/26 04:31 AM,10/Jun/26 04:31 AM
ORB-1008,Document API rate limit,Bug,In Progress,Medium,Samuel Okafor,Sprint 8,1,Checkout redesign,25/May/26 06:00 AM,12/Jun/26 09:00 AM,
ORB-1009,Optimise order history,Story,Done,Low,Tomás Ribeiro,Sprint 1,5,Account settings,2/Jun/26 03:00 PM,11/Jun/26 04:57 PM,11/Jun/26 04:57 PM
ORB-1010,Fix address form,Story,Done,High,Elif Demir,Sprint 1,2,Account settings,6/Jun/26 09:00 AM,6/Jun/26 01:00 PM,6/Jun/26 01:00 PM
ORB-1011,Fix basket total,Bug,Done,Medium,Marta Nowak,Sprint 1,,Reporting API,14/May/26 07:00 AM,7/Jun/26 08:56 PM,7/Jun/26 08:56 PM
ORB-1012,Handle login timeout,Bug,In Progress,Medium,Samuel Okafor,Sprint 8,3,Checkout redesign,22/May/26 04:00 AM,9/Jun/26 09:00 AM,
ORB-1013,Fix export to CSV,Bug,Done,Medium,Lena Kraus,Sprint 1,3,Checkout redesign,12/May/26 08:00 AM,11/Jun/26 04:59 AM,11/Jun/26 04:59 AM
ORB-1014,Remove API rate limit,Story,Done,Low,Marta Nowak,Sprint 1,13,Search relevance,29/May/26 02:00 AM,12/Jun/26 07:21 PM,12/Jun/26 07:21 PM
ORB-1015,Improve API rate limit,Bug,In Progress,Medium,Lena Kraus,Sprint 8,,Account settings,19/May/26 06:00 AM,4/Jun/26 09:00 AM,
ORB-1016,Migrate basket total,Task,Done,Low,Aiko Tanaka,Sprint 1,2,Mobile onboarding,17/May/26 05:00 AM,6/Jun/26 03:54 PM,6/Jun/26 03:54 PM
ORB-1017,Add order history,Story,Done,High,Tomás Ribeiro,Sprint 1,5,Reporting API,14/May/26 04:00 AM,8/Jun/26 06:06 PM,8/Jun/26 06:06 PM
ORB-1018,Validate address form,Story,Done,Medium,Priya Nair,Sprint 1,3,Search relevance,21/May/26 08:00 AM,2/Jun/26 04:13 AM,2/Jun/26 04:13 AM
ORB-1019,Optimise address form,Task,Done,Medium,Jonas Weber,Sprint 1,1,Checkout redesign,25/May/26 08:00 AM,10/Jun/26 10:51 PM,10/Jun/26 10:51 PM
ORB-1020,Add address form,Bug,In Review,Medium,Lena Kraus,Sprint 8,1,Mobile onboarding,6/Jun/26 10:00 AM,6/Jun/26 09:00 AM,
ORB-1021,Optimise order history,Story,Done,Medium,Elif Demir,Sprint 1,2,Mobile onboarding,1/Jun/26 06:00 AM,10/Jun/26 03:22 PM,10/Jun/26 03:22 PM
ORB-1022,Handle search filters,Task,Done,Medium,Priya Nair,Sprint 1,3,Mobile onboarding,25/May/26 02:00 AM,10/Jun/26 12:07 PM,10/Jun/26 12:07 PM
ORB-1023,Improve basket total,Story,Done,Low,Elif Demir,Sprint 1,2,Search relevance,26/May/26 03:00 AM,7/Jun/26 07:21 PM,7/Jun/26 07:21 PM
ORB-1024,Add push notifications,Task,Done,High,Lena Kraus,Sprint 1,2,Checkout redesign,4/Jun/26 01:00 PM,14/Jun/26 12:51 AM,14/Jun/26 12:51 AM
ORB-1025,Document login timeout,Story,Done,Medium,Samuel Okafor,Sprint 1,5,Mobile onboarding,23/May/26 04:00 AM,11/Jun/26 07:40 PM,11/Jun/26 07:40 PM
ORB-1026,Improve address form,Bug,Done,Medium,Jonas Weber,Sprint 1,1,Payment retries,12/May/26 01:00 AM,4/Jun/26 08:53 PM,4/Jun/26 08:53 PM
ORB-1027,Fix search filters,Task,Done,Medium,Marta Nowak,Sprint 1,2,Account settings,25/May/26 07:00 AM,9/Jun/26 11:27 AM,9/Jun/26 11:27 AM
ORB-1028,Improve invoice PDF,Story,Done,Low,Tomás Ribeiro,Sprint 1,3,Mobile onboarding,22/May/26 01:00 AM,13/Jun/26 12:24 AM,13/Jun/26 12:24 AM
ORB-1029,Add search filters,Story,Done,High,Elif Demir,Sprint 1,2,Account settings,4/Jun/26 10:00 AM,9/Jun/26 04:11 AM,9/Jun/26 04:11 AM
ORB-1030,Handle search filters,Bug,Done,Medium,Marta Nowak,Sprint 1,,Account settings,26/May/26 07:00 AM,9/Jun/26 11:06 AM,9/Jun/26 11:06 AM
ORB-1031,Migrate push notifications,Story,Done,Medium,Lena Kraus,Sprint 1,3,Account settings,27/May/26 03:00 AM,11/Jun/26 07:36 AM,11/Jun/26 07:36 AM
ORB-1032,Refactor password reset,Spike,Done,High,Samuel Okafor,Sprint 1,2,Mobile onboarding,1/Jun/26 12:00 PM,10/Jun/26 11:56 AM,10/Jun/26 11:56 AM
ORB-1033,Document export to CSV,Story,Done,Medium,Tomás Ribeiro,Sprint 1,13,Reporting API,25/May/26 05:00 AM,8/Jun/26 04:17 PM,8/Jun/26 04:17 PM
ORB-1034,Handle user roles,Story,To Do,High,Elif Demir,Sprint 8,8,Search relevance,15/May/26 09:00 AM,10/Jun/26 09:00 AM,
ORB-1035,Document login timeout,Story,Done,Low,Samuel Okafor,Sprint 1,5,Checkout redesign,23/May/26 04:00 AM,10/Jun/26 11:49 PM,10/Jun/26 11:49 PM
ORB-1036,Add address form,Bug,Done,Medium,Tomás Ribeiro,Sprint 1,3,Payment retries,22/May/26 08:00 AM,5/Jun/26 10:15 PM,5/Jun/26 10:15 PM
ORB-1037,Migrate push notifications,Bug,Done,High,Jonas Weber,Sprint 1,,Payment retries,24/May/26 03:00 AM,10/Jun/26 03:14 PM,10/Jun/26 03:14 PM
ORB-1038,Improve export to CSV,Story,Done,High,Marta Nowak,Sprint 1,1,Search relevance,12/May/26 06:00 AM,4/Jun/26 03:37 PM,4/Jun/26 03:37 PM
ORB-1039,Validate error banner,Story,Done,Low,Marta Nowak,Sprint 1,3,Payment retries,22/May/26 02:00 AM,12/Jun/26 05:19 AM,12/Jun/26 05:19 AM
ORB-1040,Handle API rate limit,Bug,Done,Low,Elif Demir,Sprint 1,3,Checkout redesign,3/Jun/26 01:00 PM,8/Jun/26 10:25 AM,8/Jun/26 10:25 AM
ORB-1041,Validate API rate limit,Story,Done,Medium,Aiko Tanaka,Sprint 1,5,Search relevance,13/May/26 08:00 AM,10/Jun/26 03:56 PM,10/Jun/26 03:56 PM
ORB-1042,Document export to CSV,Story,Done,High,Priya Nair,Sprint 1,2,Payment retries,16/May/26 06:00 AM,11/Jun/26 05:43 AM,11/Jun/26 05:43 AM
ORB-1043,Fix login timeout,Story,Done,Medium,Priya Nair,Sprint 1,3,Checkout redesign,23/May/26 09:00 AM,7/Jun/26 03:10 AM,7/Jun/26 03:10 AM
ORB-1044,Fix password reset,Bug,Done,Medium,Lena Kraus,Sprint 1,2,Reporting API,25/May/26 06:00 AM,13/Jun/26 12:49 PM,13/Jun/26 12:49 PM
ORB-1045,Improve order history,Story,Done,Medium,Priya Nair,Sprint 1,13,Account settings,20/May/26 08:00 AM,11/Jun/26 08:09 PM,11/Jun/26 08:09 PM
ORB-1046,Add address form,Story,Done,High,Priya Nair,Sprint 2,13,Account settings,7/Jun/26 09:00 AM,27/Jun/26 06:59 AM,27/Jun/26 06:59 AM
ORB-1047,Optimise API rate limit,Story,Done,Low,Elif Demir,Sprint 2,3,Search relevance,31/May/26 01:00 AM,25/Jun/26 04:31 PM,25/Jun/26 04:31 PM
ORB-1048,Add order history,Task,Done,Low,Lena Kraus,Sprint 2,2,Search relevance,29/May/26 08:00 AM,17/Jun/26 06:17 PM,17/Jun/26 06:17 PM
ORB-1049,Handle push notifications,Task,Done,Medium,Lena Kraus,Sprint 2,1,Payment retries,8/Jun/26 03:00 AM,27/Jun/26 11:15 PM,27/Jun/26 11:15 PM
ORB-1050,Optimise push notifications,Bug,Done,Highest,Jonas Weber,Sprint 2,1,Reporting API,9/Jun/26 07:00 AM,20/Jun/26 08:46 PM,20/Jun/26 08:46 PM
ORB-1051,Remove password reset,Story,Done,Low,Tomás Ribeiro,Sprint 2,8,Reporting API,16/Jun/26 09:00 AM,25/Jun/26 10:09 PM,25/Jun/26 10:09 PM
ORB-1052,Document export to CSV,Story,Done,Medium,Marta Nowak,Sprint 2,3,Search relevance,20/Jun/26 04:00 PM,20/Jun/26 08:00 PM,20/Jun/26 08:00 PM
ORB-1053,Migrate API rate limit,Bug,To Do,Low,Tomás Ribeiro,Sprint 8,1,Mobile onboarding,9/Jun/26 06:00 AM,27/Jun/26 09:00 AM,
ORB-1054,Document basket total,Story,Done,Medium,Samuel Okafor,Sprint 2,3,Mobile onboarding,10/Jun/26 07:00 AM,22/Jun/26 04:42 PM,22/Jun/26 04:42 PM
ORB-1055,Add push notifications,Story,Done,Medium,Marta Nowak,Sprint 2,13,Account settings,11/Jun/26 03:00 AM,20/Jun/26 09:27 PM,20/Jun/26 09:27 PM
ORB-1056,Handle export to CSV,Bug,Done,Medium,Jonas Weber,Sprint 2,,Mobile onboarding,3/Jun/26 06:00 AM,23/Jun/26 01:35 AM,23/Jun/26 01:35 AM
ORB-1057,Validate API rate limit,Spike,Done,Low,Elif Demir,Sprint 2,2,Reporting API,9/Jun/26 09:00 AM,26/Jun/26 02:52 PM,26/Jun/26 02:52 PM
ORB-1058,Improve basket total,Story,In Review,Low,Lena Kraus,Sprint 8,2,Account settings,19/Jun/26 05:00 PM,25/Jun/26 09:00 AM,
ORB-1059,Improve push notifications,Bug,Done,Medium,Samuel Okafor,Sprint 2,,Reporting API,28/May/26 04:00 AM,19/Jun/26 11:07 PM,19/Jun/26 11:07 PM
ORB-1060,Handle address form,Task,Done,High,Lena Kraus,Sprint 2,1,Reporting API,9/Jun/26 03:00 AM,23/Jun/26 09:52 AM,23/Jun/26 09:52 AM
ORB-1061,Remove API rate limit,Bug,To Do,Low,Samuel Okafor,Sprint 8,,Checkout redesign,31/May/26 08:00 AM,20/Jun/26 09:00 AM,
ORB-1062,Handle error banner,Bug,In Review,Medium,Marta Nowak,Sprint 8,,Account settings,19/Jun/26 02:00 PM,27/Jun/26 09:00 AM,
ORB-1063,Fix export to CSV,Task,To Do,Low,Aiko Tanaka,Sprint 8,3,Reporting API,16/Jun/26 10:00 AM,27/Jun/26 09:00 AM,
ORB-1064,Fix export to CSV,Story,Done,Medium,Elif Demir,Sprint 2,8,Checkout redesign,13/Jun/26 04:00 AM,27/Jun/26 01:22 AM,27/Jun/26 01:22 AM
ORB-1065,Add API rate limit,Story,Done,Low,Aiko Tanaka,Sprint 2,3,Account settings,15/Jun/26 04:00 AM,21/Jun/26 01:46 PM,21/Jun/26 01:46 PM
ORB-1066,Improve order history,Story,Done,Low,Jonas Weber,Sprint 2,3,Mobile onboarding,21/Jun/26 04:00 PM,21/Jun/26 09:30 PM,21/Jun/26 09:30 PM
ORB-1067,Validate basket total,Bug,Done,Medium,Jonas Weber,Sprint 2,2,Reporting API,14/Jun/26 08:00 AM,25/Jun/26 12:48 AM,25/Jun/26 12:48 AM
ORB-1068,Remove export to CSV,Story,Done,High,Lena Kraus,Sprint 2,2,Checkout redesign,7/Jun/26 04:00 AM,25/Jun/26 11:31 PM,25/Jun/26 11:31 PM
ORB-1069,Add user roles,Bug,Done,Medium,Samuel Okafor,Sprint 2,1,Search relevance,7/Jun/26 03:00 AM,24/Jun/26 01:37 PM,24/Jun/26 01:37 PM
ORB-1070,Improve basket total,Story,Done,Medium,Jonas Weber,Sprint 2,5,Reporting API,26/May/26 04:00 AM,25/Jun/26 07:58 AM,25/Jun/26 07:58 AM
ORB-1071,Improve address form,Story,Done,High,Lena Kraus,Sprint 2,13,Mobile onboarding,8/Jun/26 05:00 AM,16/Jun/26 08:05 PM,16/Jun/26 08:05 PM
ORB-1072,Validate error banner,Story,Done,Highest,Marta Nowak,Sprint 2,1,Mobile onboarding,1/Jun/26 05:00 AM,25/Jun/26 02:45 PM,25/Jun/26 02:45 PM
ORB-1073,Migrate error banner,Bug,Done,Medium,Jonas Weber,Sprint 2,,Checkout redesign,28/May/26 02:00 AM,22/Jun/26 04:59 AM,22/Jun/26 04:59 AM
ORB-1074,Document export to CSV,Story,In Progress,High,Samuel Okafor,Sprint 8,3,Mobile onboarding,27/May/26 07:00 AM,19/Jun/26 09:00 AM,
ORB-1075,Handle search filters,Story,Done,Highest,Samuel Okafor,Sprint 2,3,Mobile onboarding,13/Jun/26 09:00 AM,22/Jun/26 01:19 PM,22/Jun/26 01:19 PM
ORB-1076,Improve API rate limit,Bug,Done,High,Jonas Weber,Sprint 2,3,Account settings,5/Jun/26 07:00 AM,20/Jun/26 07:17 AM,20/Jun/26 07:17 AM
ORB-1077,Optimise error banner,Story,Done,Medium,Jonas Weber,Sprint 2,13,Account settings,26/May/26 07:00 AM,18/Jun/26 02:13 AM,18/Jun/26 02:13 AM
ORB-1078,Optimise order history,Story,Done,High,Samuel Okafor,Sprint 2,3,Mobile onboarding,4/Jun/26 07:00 AM,23/Jun/26 06:51 PM,23/Jun/26 06:51 PM
ORB-1079,Migrate password reset,Story,Done,Medium,Samuel Okafor,Sprint 2,3,Payment retries,11/Jun/26 01:00 AM,22/Jun/26 07:01 PM,22/Jun/26 07:01 PM
ORB-1080,Add login timeout,Task,Done,Medium,Elif Demir,Sprint 2,2,Mobile onboarding,19/Jun/26 04:00 PM,22/Jun/26 07:39 AM,22/Jun/26 07:39 AM
ORB-1081,Validate basket total,Story,In Review,Medium,Tomás Ribeiro,Sprint 8,3,Search relevance,6/Jun/26 08:00 AM,19/Jun/26 09:00 AM,
ORB-1082,Improve address form,Story,In Progress,Medium,Jonas Weber,Sprint 8,13,Mobile onboarding,5/Jun/26 05:00 AM,23/Jun/26 09:00 AM,
ORB-1083,Document push notifications,Story,Done,High,Elif Demir,Sprint 2,13,Mobile onboarding,2/Jun/26 07:00 AM,28/Jun/26 01:00 AM,28/Jun/26 01:00 AM
ORB-1084,Remove error banner,Story,Done,Medium,Marta Nowak,Sprint 2,1,Checkout redesign,7/Jun/26 08:00 AM,22/Jun/26 12:13 AM,22/Jun/26 12:13 AM
ORB-1085,Document login timeout,Bug,Done,Low,Aiko Tanaka,Sprint 2,3,Account settings,21/Jun/26 10:00 AM,21/Jun/26 02:00 PM,21/Jun/26 02:00 PM
ORB-1086,Optimise basket total,Story,Done,Medium,Marta Nowak,Sprint 2,5,Account settings,27/May/26 06:00 AM,22/Jun/26 07:47 PM,22/Jun/26 07:47 PM
ORB-1087,Migrate password reset,Story,Done,Medium,Elif Demir,Sprint 3,3,Payment retries,23/Jun/26 03:00 AM,9/Jul/26 10:42 PM,9/Jul/26 10:42 PM
ORB-1088,Add invoice PDF,Bug,Done,Medium,Samuel Okafor,Sprint 3,,Checkout redesign,24/Jun/26 01:00 AM,5/Jul/26 01:09 PM,5/Jul/26 01:09 PM
ORB-1089,Handle error banner,Story,Done,Medium,Priya Nair,Sprint 3,5,Mobile onboarding,17/Jun/26 05:00 AM,2/Jul/26 11:45 AM,2/Jul/26 11:45 AM
ORB-1090,Improve push notifications,Bug,Done,Medium,Samuel Okafor,Sprint 3,3,Reporting API,24/Jun/26 07:00 AM,8/Jul/26 09:17 AM,8/Jul/26 09:17 AM
ORB-1091,Add export to CSV,Story,Done,Low,Priya Nair,Sprint 3,3,Account settings,30/Jun/26 09:00 AM,11/Jul/26 09:11 AM,11/Jul/26 09:11 AM
ORB-1092,Validate invoice PDF,Story,Done,Medium,Tomás Ribeiro,Sprint 3,3,Mobile onboarding,9/Jun/26 05:00 AM,2/Jul/26 01:58 PM,2/Jul/26 01:58 PM
ORB-1093,Fix API rate limit,Task,Done,High,Aiko Tanaka,Sprint 3,2,Mobile onboarding,14/Jun/26 03:00 AM,8/Jul/26 09:45 AM,8/Jul/26 09:45 AM
ORB-1094,Migrate export to CSV,Story,Done,Medium,Lena Kraus,Sprint 3,1,Payment retries,20/Jun/26 08:00 AM,9/Jul/26 07:33 PM,9/Jul/26 07:33 PM
ORB-1095,Add invoice PDF,Bug,To Do,Low,Priya Nair,Sprint 8,1,Reporting API,10/Jun/26 05:00 AM,9/Jul/26 09:00 AM,
ORB-1096,Remove error banner,Story,Done,Medium,Tomás Ribeiro,Sprint 3,2,Search relevance,12/Jun/26 05:00 AM,8/Jul/26 07:10 AM,8/Jul/26 07:10 AM
ORB-1097,Validate basket total,Story,Done,Low,Marta Nowak,Sprint 3,1,Mobile onboarding,21/Jun/26 09:00 AM,4/Jul/26 08:58 PM,4/Jul/26 08:58 PM
ORB-1098,Document login timeout,Story,Done,Highest,Lena Kraus,Sprint 3,1,Search relevance,24/Jun/26 06:00 AM,8/Jul/26 06:22 AM,8/Jul/26 06:22 AM
ORB-1099,Refactor API rate limit,Story,Done,Medium,Priya Nair,Sprint 3,1,Account settings,5/Jul/26 12:00 PM,5/Jul/26 04:00 PM,5/Jul/26 04:00 PM
ORB-1100,Remove password reset,Story,Done,Medium,Tomás Ribeiro,Sprint 3,5,Checkout redesign,19/Jun/26 07:00 AM,8/Jul/26 10:38 PM,8/Jul/26 10:38 PM
ORB-1101,Remove API rate limit,Task,Done,High,Lena Kraus,Sprint 3,2,Mobile onboarding,15/Jun/26 03:00 AM,7/Jul/26 04:05 PM,7/Jul/26 04:05 PM
ORB-1102,Improve API rate limit,Story,Done,High,Priya Nair,Sprint 3,5,Reporting API,12/Jun/26 02:00 AM,9/Jul/26 11:41 AM,9/Jul/26 11:41 AM
ORB-1103,Optimise login timeout,Bug,Done,Low,Jonas Weber,Sprint 3,2,Reporting API,26/Jun/26 08:00 AM,5/Jul/26 12:28 PM,5/Jul/26 12:28 PM
ORB-1104,Add address form,Story,Done,Low,Jonas Weber,Sprint 3,3,Account settings,15/Jun/26 02:00 AM,8/Jul/26 01:33 PM,8/Jul/26 01:33 PM
ORB-1105,Migrate password reset,Story,In Progress,Low,Samuel Okafor,Sprint 8,13,Search relevance,17/Jun/26 09:00 AM,8/Jul/26 09:00 AM,
ORB-1106,Migrate user roles,Story,Done,Medium,Aiko Tanaka,Sprint 3,3,Payment retries,19/Jun/26 05:00 AM,9/Jul/26 11:18 AM,9/Jul/26 11:18 AM
ORB-1107,Improve export to CSV,Story,Done,High,Tomás Ribeiro,Sprint 3,5,Account settings,23/Jun/26 04:00 AM,4/Jul/26 06:41 AM,4/Jul/26 06:41 AM
ORB-1108,Handle search filters,Story,Done,Medium,Tomás Ribeiro,Sprint 3,5,Account settings,14/Jun/26 08:00 AM,7/Jul/26 06:20 PM,7/Jul/26 06:20 PM
ORB-1109,Handle basket total,Story,Done,Medium,Tomás Ribeiro,Sprint 3,5,Search relevance,15/Jun/26 05:00 AM,7/Jul/26 03:57 AM,7/Jul/26 03:57 AM
ORB-1110,Migrate invoice PDF,Task,Done,Medium,Marta Nowak,Sprint 3,3,Search relevance,18/Jun/26 09:00 AM,4/Jul/26 05:27 PM,4/Jul/26 05:27 PM
ORB-1111,Remove address form,Bug,Done,Low,Samuel Okafor,Sprint 3,3,Checkout redesign,22/Jun/26 09:00 AM,9/Jul/26 02:17 AM,9/Jul/26 02:17 AM
ORB-1112,Fix address form,Story,Done,Medium,Tomás Ribeiro,Sprint 3,13,Checkout redesign,4/Jul/26 01:00 PM,4/Jul/26 05:00 PM,4/Jul/26 05:00 PM
ORB-1113,Remove login timeout,Story,Done,Low,Elif Demir,Sprint 3,3,Payment retries,26/Jun/26 08:00 AM,8/Jul/26 02:14 AM,8/Jul/26 02:14 AM
ORB-1114,Validate export to CSV,Bug,Done,Medium,Samuel Okafor,Sprint 3,1,Account settings,26/Jun/26 01:00 AM,5/Jul/26 03:42 PM,5/Jul/26 03:42 PM
ORB-1115,Optimise invoice PDF,Task,Done,Medium,Tomás Ribeiro,Sprint 3,1,Search relevance,28/Jun/26 03:00 AM,4/Jul/26 11:15 PM,4/Jul/26 11:15 PM
ORB-1116,Validate export to CSV,Bug,Done,High,Samuel Okafor,Sprint 3,2,Search relevance,10/Jun/26 05:00 AM,7/Jul/26 06:23 PM,7/Jul/26 06:23 PM
ORB-1117,Fix login timeout,Task,Done,Medium,Marta Nowak,Sprint 3,2,Payment retries,18/Jun/26 09:00 AM,8/Jul/26 08:38 AM,8/Jul/26 08:38 AM
ORB-1118,Document order history,Story,Done,Low,Samuel Okafor,Sprint 3,3,Checkout redesign,18/Jun/26 05:00 AM,9/Jul/26 08:18 AM,9/Jul/26 08:18 AM
ORB-1119,Remove login timeout,Story,Done,Medium,Tomás Ribeiro,Sprint 3,3,Mobile onboarding,27/Jun/26 03:00 AM,8/Jul/26 09:54 AM,8/Jul/26 09:54 AM
ORB-1120,Document API rate limit,Story,Done,Medium,Tomás Ribeiro,Sprint 3,1,Search relevance,29/Jun/26 06:00 AM,3/Jul/26 06:36 AM,3/Jul/26 06:36 AM
ORB-1121,Fix error banner,Story,Done,Medium,Priya Nair,Sprint 3,5,Checkout redesign,27/Jun/26 08:00 AM,11/Jul/26 07:15 AM,11/Jul/26 07:15 AM
ORB-1122,Remove basket total,Story,Done,Medium,Priya Nair,Sprint 3,8,Mobile onboarding,16/Jun/26 09:00 AM,4/Jul/26 12:44 AM,4/Jul/26 12:44 AM
ORB-1123,Document address form,Story,Done,High,Elif Demir,Sprint 3,8,Payment retries,24/Jun/26 04:00 AM,10/Jul/26 02:34 AM,10/Jul/26 02:34 AM
ORB-1124,Document export to CSV,Bug,Done,Medium,Elif Demir,Sprint 3,1,Payment retries,16/Jun/26 09:00 AM,10/Jul/26 01:59 AM,10/Jul/26 01:59 AM
ORB-1125,Migrate push notifications,Bug,Done,High,Priya Nair,Sprint 3,1,Payment retries,20/Jun/26 01:00 AM,10/Jul/26 10:52 AM,10/Jul/26 10:52 AM
ORB-1126,Validate basket total,Task,Done,High,Lena Kraus,Sprint 3,3,Payment retries,18/Jun/26 08:00 AM,4/Jul/26 01:12 AM,4/Jul/26 01:12 AM
ORB-1127,Optimise invoice PDF,Story,Done,Medium,Priya Nair,Sprint 3,5,Mobile onboarding,20/Jun/26 05:00 AM,2/Jul/26 06:26 AM,2/Jul/26 06:26 AM
ORB-1128,Refactor order history,Bug,Done,Medium,Marta Nowak,Sprint 3,,Checkout redesign,11/Jun/26 05:00 AM,5/Jul/26 03:41 PM,5/Jul/26 03:41 PM
ORB-1129,Fix invoice PDF,Task,Done,Highest,Priya Nair,Sprint 3,3,Reporting API,27/Jun/26 05:00 AM,9/Jul/26 05:20 PM,9/Jul/26 05:20 PM
ORB-1130,Validate address form,Story,Done,High,Aiko Tanaka,Sprint 4,5,Payment retries,8/Jul/26 08:00 AM,22/Jul/26 08:28 PM,22/Jul/26 08:28 PM
ORB-1131,Fix basket total,Spike,Done,High,Aiko Tanaka,Sprint 4,5,Checkout redesign,14/Jul/26 03:00 PM,21/Jul/26 10:48 PM,21/Jul/26 10:48 PM
ORB-1132,Refactor error banner,Story,In Progress,Medium,Jonas Weber,Sprint 8,2,Account settings,8/Jul/26 01:00 AM,20/Jul/26 09:00 AM,
ORB-1133,Improve search filters,Story,Done,High,Aiko Tanaka,Sprint 4,1,Search relevance,14/Jul/26 01:00 PM,24/Jul/26 07:13 AM,24/Jul/26 07:13 AM
ORB-1134,Optimise address form,Story,Done,Medium,Jonas Weber,Sprint 4,3,Reporting API,3/Jul/26 07:00 AM,23/Jul/26 03:54 AM,23/Jul/26 03:54 AM
ORB-1135,Refactor address form,Story,Done,Low,Jonas Weber,Sprint 4,3,Search relevance,11/Jul/26 08:00 AM,23/Jul/26 05:34 PM,23/Jul/26 05:34 PM
ORB-1136,Remove search filters,Task,Done,Low,Marta Nowak,Sprint 4,2,Payment retries,11/Jul/26 02:00 AM,20/Jul/26 07:14 AM,20/Jul/26 07:14 AM
ORB-1137,Validate invoice PDF,Task,Done,Low,Tomás Ribeiro,Sprint 4,1,Payment retries,3/Jul/26 09:00 AM,24/Jul/26 06:11 PM,24/Jul/26 06:11 PM
ORB-1138,Validate basket total,Bug,Done,High,Jonas Weber,Sprint 4,1,Account settings,10/Jul/26 05:00 AM,21/Jul/26 05:50 PM,21/Jul/26 05:50 PM
ORB-1139,Remove login timeout,Spike,Done,High,Elif Demir,Sprint 4,5,Reporting API,18/Jul/26 05:00 PM,18/Jul/26 09:00 PM,18/Jul/26 09:00 PM
ORB-1140,Remove user roles,Story,Done,Medium,Elif Demir,Sprint 4,1,Checkout redesign,1/Jul/26 01:00 AM,26/Jul/26 07:44 AM,26/Jul/26 07:44 AM
ORB-1141,Handle user roles,Story,Done,Medium,Samuel Okafor,Sprint 4,5,Mobile onboarding,4/Jul/26 09:00 AM,22/Jul/26 12:12 PM,22/Jul/26 12:12 PM
ORB-1142,Migrate search filters,Bug,In Review,Medium,Samuel Okafor,Sprint 8,3,Account settings,28/Jun/26 06:00 AM,16/Jul/26 09:00 AM,
ORB-1143,Add order history,Story,To Do,Medium,Aiko Tanaka,Sprint 8,13,Search relevance,13/Jul/26 04:00 AM,24/Jul/26 09:00 AM,
ORB-1144,Fix push notifications,Bug,Done,Medium,Jonas Weber,Sprint 4,2,Search relevance,29/Jun/26 09:00 AM,23/Jul/26 06:49 PM,23/Jul/26 06:49 PM
ORB-1145,Optimise export to CSV,Bug,Done,Medium,Jonas Weber,Sprint 4,,Reporting API,23/Jun/26 01:00 AM,20/Jul/26 08:47 AM,20/Jul/26 08:47 AM
ORB-1146,Optimise order history,Task,Done,Medium,Samuel Okafor,Sprint 4,2,Reporting API,18/Jul/26 11:00 AM,25/Jul/26 12:50 PM,25/Jul/26 12:50 PM
ORB-1147,Improve password reset,Task,Done,Medium,Lena Kraus,Sprint 4,2,Search relevance,14/Jul/26 10:00 AM,23/Jul/26 06:23 PM,23/Jul/26 06:23 PM
ORB-1148,Refactor order history,Task,Done,Medium,Tomás Ribeiro,Sprint 4,1,Reporting API,13/Jul/26 05:00 AM,15/Jul/26 11:23 PM,15/Jul/26 11:23 PM
ORB-1149,Handle push notifications,Story,Done,Low,Lena Kraus,Sprint 4,3,Account settings,29/Jun/26 05:00 AM,25/Jul/26 11:49 AM,25/Jul/26 11:49 AM
ORB-1150,Migrate search filters,Story,Done,Medium,Samuel Okafor,Sprint 4,1,Checkout redesign,28/Jun/26 08:00 AM,24/Jul/26 08:37 AM,24/Jul/26 08:37 AM
ORB-1151,Optimise push notifications,Story,Done,Medium,Samuel Okafor,Sprint 4,8,Checkout redesign,15/Jul/26 05:00 PM,21/Jul/26 08:02 AM,21/Jul/26 08:02 AM
ORB-1152,Remove login timeout,Story,Done,Medium,Tomás Ribeiro,Sprint 4,3,Search relevance,12/Jul/26 07:00 AM,18/Jul/26 09:36 AM,18/Jul/26 09:36 AM
ORB-1153,Refactor error banner,Story,Done,Low,Jonas Weber,Sprint 4,2,Reporting API,12/Jul/26 01:00 AM,21/Jul/26 07:23 AM,21/Jul/26 07:23 AM
ORB-1154,Refactor search filters,Task,Done,Low,Elif Demir,Sprint 4,3,Mobile onboarding,11/Jul/26 07:00 AM,18/Jul/26 01:31 AM,18/Jul/26 01:31 AM
ORB-1155,Refactor push notifications,Task,Done,Highest,Tomás Ribeiro,Sprint 4,1,Reporting API,18/Jul/26 10:00 AM,20/Jul/26 11:28 AM,20/Jul/26 11:28 AM
ORB-1156,Remove order history,Story,Done,Low,Elif Demir,Sprint 4,13,Reporting API,30/Jun/26 06:00 AM,17/Jul/26 07:04 PM,17/Jul/26 07:04 PM
ORB-1157,Fix export to CSV,Story,Done,Medium,Marta Nowak,Sprint 4,2,Mobile onboarding,19/Jul/26 03:00 PM,20/Jul/26 10:37 PM,20/Jul/26 10:37 PM
ORB-1158,Document basket total,Bug,Done,Medium,Marta Nowak,Sprint 4,,Mobile onboarding,30/Jun/26 04:00 AM,25/Jul/26 07:11 AM,25/Jul/26 07:11 AM
ORB-1159,Optimise API rate limit,Story,Done,Medium,Elif Demir,Sprint 4,3,Reporting API,26/Jun/26 03:00 AM,24/Jul/26 06:48 AM,24/Jul/26 06:48 AM
ORB-1160,Document password reset,Story,Done,High,Marta Nowak,Sprint 4,2,Mobile onboarding,16/Jul/26 11:00 AM,17/Jul/26 08:35 PM,17/Jul/26 08:35 PM
ORB-1161,Refactor push notifications,Story,Done,Highest,Lena Kraus,Sprint 4,8,Reporting API,2/Jul/26 03:00 AM,23/Jul/26 08:08 AM,23/Jul/26 08:08 AM
ORB-1162,Handle push notifications,Bug,Done,Medium,Marta Nowak,Sprint 4,2,Payment retries,4/Jul/26 04:00 AM,21/Jul/26 10:03 AM,21/Jul/26 10:03 AM
ORB-1163,Migrate user roles,Bug,In Progress,Medium,Jonas Weber,Sprint 8,,Account settings,23/Jun/26 04:00 AM,21/Jul/26 09:00 AM,
ORB-1164,Add user roles,Task,Done,Medium,Elif Demir,Sprint 4,3,Mobile onboarding,2/Jul/26 09:00 AM,23/Jul/26 02:40 AM,23/Jul/26 02:40 AM
ORB-1165,Refactor export to CSV,Story,Done,Highest,Jonas Weber,Sprint 4,1,Account settings,10/Jul/26 03:00 AM,23/Jul/26 09:42 PM,23/Jul/26 09:42 PM
ORB-1166,Optimise search filters,Story,Done,Medium,Elif Demir,Sprint 4,1,Reporting API,15/Jul/26 01:00 PM,21/Jul/26 09:39 PM,21/Jul/26 09:39 PM
ORB-1167,Migrate export to CSV,Bug,Done,Medium,Marta Nowak,Sprint 4,,Search relevance,1/Jul/26 04:00 AM,19/Jul/26 10:23 PM,19/Jul/26 10:23 PM
ORB-1168,Optimise push notifications,Story,To Do,Highest,Aiko Tanaka,Sprint 8,2,Mobile onboarding,6/Jul/26 06:00 AM,22/Jul/26 09:00 AM,
ORB-1169,Handle password reset,Story,Done,High,Elif Demir,Sprint 4,1,Reporting API,17/Jul/26 10:00 AM,17/Jul/26 02:00 PM,17/Jul/26 02:00 PM
ORB-1170,Optimise basket total,Task,Done,Low,Priya Nair,Sprint 4,1,Account settings,7/Jul/26 02:00 AM,22/Jul/26 09:23 AM,22/Jul/26 09:23 AM
ORB-1171,Remove order history,Story,Done,Low,Marta Nowak,Sprint 4,1,Account settings,6/Jul/26 07:00 AM,24/Jul/26 02:48 PM,24/Jul/26 02:48 PM
ORB-1172,Refactor user roles,Task,Done,High,Jonas Weber,Sprint 4,3,Reporting API,3/Jul/26 08:00 AM,22/Jul/26 03:51 PM,22/Jul/26 03:51 PM
ORB-1173,Fix export to CSV,Story,Done,High,Tomás Ribeiro,Sprint 4,5,Checkout redesign,6/Jul/26 03:00 AM,23/Jul/26 02:59 AM,23/Jul/26 02:59 AM
ORB-1174,Optimise login timeout,Story,In Progress,Medium,Jonas Weber,Sprint 8,8,Search relevance,26/Jun/26 04:00 AM,17/Jul/26 09:00 AM,
ORB-1175,Add address form,Story,Done,Low,Priya Nair,Sprint 4,1,Account settings,11/Jul/26 01:00 AM,21/Jul/26 04:49 PM,21/Jul/26 04:49 PM
ORB-1176,Refactor push notifications,Bug,Done,High,Elif Demir,Sprint 5,1,Payment retries,28/Jul/26 03:00 PM,31/Jul/26 12:00 AM,31/Jul/26 12:00 AM
ORB-1177,Handle login timeout,Story,Done,High,Marta Nowak,Sprint 5,8,Checkout redesign,25/Jul/26 07:00 AM,4/Aug/26 08:58 AM,4/Aug/26 08:58 AM
ORB-1178,Validate push notifications,Story,Done,High,Jonas Weber,Sprint 5,5,Checkout redesign,15/Jul/26 05:00 AM,8/Aug/26 11:12 PM,8/Aug/26 11:12 PM
ORB-1179,Migrate user roles,Bug,To Do,Medium,Aiko Tanaka,Sprint 8,,Search relevance,28/Jul/26 03:00 PM,7/Aug/26 09:00 AM,
ORB-1180,Refactor push notifications,Bug,Done,Medium,Lena Kraus,Sprint 5,3,Account settings,28/Jul/26 01:00 PM,6/Aug/26 09:18 AM,6/Aug/26 09:18 AM
ORB-1181,Refactor API rate limit,Story,Done,High,Elif Demir,Sprint 5,3,Search relevance,10/Jul/26 05:00 AM,1/Aug/26 03:17 AM,1/Aug/26 03:17 AM
ORB-1182,Refactor invoice PDF,Task,Done,Medium,Priya Nair,Sprint 5,2,Reporting API,17/Jul/26 01:00 AM,7/Aug/26 01:33 AM,7/Aug/26 01:33 AM
ORB-1183,Migrate basket total,Story,Done,High,Lena Kraus,Sprint 5,3,Search relevance,22/Jul/26 01:00 AM,7/Aug/26 03:39 AM,7/Aug/26 03:39 AM
ORB-1184,Optimise order history,Story,Done,Medium,Lena Kraus,Sprint 5,3,Reporting API,22/Jul/26 08:00 AM,29/Jul/26 10:59 PM,29/Jul/26 10:59 PM
ORB-1185,Fix password reset,Story,Done,High,Elif Demir,Sprint 5,8,Mobile onboarding,13/Jul/26 05:00 AM,3/Aug/26 01:37 PM,3/Aug/26 01:37 PM
ORB-1186,Document export to CSV,Story,In Progress,High,Priya Nair,Sprint 8,8,Search relevance,30/Jul/26 04:00 PM,8/Aug/26 09:00 AM,
ORB-1187,Improve invoice PDF,Story,Done,High,Tomás Ribeiro,Sprint 5,3,Mobile onboarding,8/Jul/26 06:00 AM,6/Aug/26 11:15 AM,6/Aug/26 11:15 AM
ORB-1188,Migrate API rate limit,Bug,Done,Medium,Jonas Weber,Sprint 5,,Mobile onboarding,13/Jul/26 07:00 AM,3/Aug/26 01:53 AM,3/Aug/26 01:53 AM
ORB-1189,Add password reset,Story,In Progress,Medium,Lena Kraus,Sprint 8,3,Mobile onboarding,18/Jul/26 03:00 AM,2/Aug/26 09:00 AM,
ORB-1190,Refactor API rate limit,Story,Done,High,Tomás Ribeiro,Sprint 5,5,Payment retries,31/Jul/26 05:00 PM,31/Jul/26 09:00 PM,31/Jul/26 09:00 PM
ORB-1191,Handle error banner,Story,Done,Medium,Marta Nowak,Sprint 5,5,Search relevance,30/Jul/26 04:00 PM,30/Jul/26 11:54 PM,30/Jul/26 11:54 PM
ORB-1192,Validate error banner,Bug,Done,Medium,Tomás Ribeiro,Sprint 5,,Payment retries,19/Jul/26 04:00 AM,6/Aug/26 04:51 AM,6/Aug/26 04:51 AM
ORB-1193,Refactor push notifications,Task,Done,Low,Aiko Tanaka,Sprint 5,3,Account settings,15/Jul/26 08:00 AM,8/Aug/26 05:04 AM,8/Aug/26 05:04 AM
ORB-1194,Remove user roles,Bug,Done,Medium,Marta Nowak,Sprint 5,1,Search relevance,7/Jul/26 04:00 AM,30/Jul/26 02:59 PM,30/Jul/26 02:59 PM
ORB-1195,Improve push notifications,Story,Done,Low,Aiko Tanaka,Sprint 5,2,Account settings,23/Jul/26 04:00 AM,8/Aug/26 02:14 AM,8/Aug/26 02:14 AM
ORB-1196,Handle user roles,Spike,Done,Low,Elif Demir,Sprint 5,5,Checkout redesign,7/Jul/26 09:00 AM,1/Aug/26 02:24 AM,1/Aug/26 02:24 AM
ORB-1197,Migrate error banner,Task,Done,Highest,Samuel Okafor,Sprint 5,1,Checkout redesign,22/Jul/26 05:00 AM,3/Aug/26 03:18 PM,3/Aug/26 03:18 PM
ORB-1198,Optimise invoice PDF,Task,Done,Medium,Elif Demir,Sprint 5,2,Checkout redesign,16/Jul/26 05:00 AM,8/Aug/26 03:36 AM,8/Aug/26 03:36 AM
ORB-1199,Refactor basket total,Spike,Done,Low,Elif Demir,Sprint 5,3,Payment retries,7/Jul/26 03:00 AM,8/Aug/26 11:05 AM,8/Aug/26 11:05 AM
ORB-1200,Migrate user roles,Task,Done,Medium,Priya Nair,Sprint 5,2,Checkout redesign,18/Jul/26 01:00 AM,1/Aug/26 10:14 AM,1/Aug/26 10:14 AM
ORB-1201,Improve login timeout,Story,Done,Medium,Samuel Okafor,Sprint 5,2,Account settings,26/Jul/26 01:00 AM,30/Jul/26 11:02 AM,30/Jul/26 11:02 AM
ORB-1202,Add API rate limit,Story,Done,Medium,Tomás Ribeiro,Sprint 5,3,Search relevance,27/Jul/26 02:00 AM,7/Aug/26 11:26 AM,7/Aug/26 11:26 AM
ORB-1203,Refactor basket total,Story,Done,Low,Lena Kraus,Sprint 5,5,Checkout redesign,2/Aug/26 10:00 AM,2/Aug/26 02:00 PM,2/Aug/26 02:00 PM
ORB-1204,Fix login timeout,Story,Done,Medium,Aiko Tanaka,Sprint 5,8,Mobile onboarding,2/Aug/26 03:00 PM,3/Aug/26 01:24 PM,3/Aug/26 01:24 PM
ORB-1205,Add push notifications,Story,Done,Medium,Priya Nair,Sprint 5,5,Checkout redesign,31/Jul/26 01:00 PM,8/Aug/26 03:59 AM,8/Aug/26 03:59 AM
ORB-1206,Remove basket total,Story,Done,Medium,Aiko Tanaka,Sprint 5,1,Mobile onboarding,31/Jul/26 09:00 AM,2/Aug/26 12:58 AM,2/Aug/26 12:58 AM
ORB-1207,Optimise login timeout,Story,Done,Medium,Priya Nair,Sprint 5,5,Search relevance,1/Aug/26 11:00 AM,1/Aug/26 03:00 PM,1/Aug/26 03:00 PM
ORB-1208,Document password reset,Story,Done,Medium,Aiko Tanaka,Sprint 5,3,Checkout redesign,9/Jul/26 05:00 AM,7/Aug/26 12:14 PM,7/Aug/26 12:14 PM
ORB-1209,Remove invoice PDF,Story,Done,High,Tomás Ribeiro,Sprint 5,2,Payment retries,26/Jul/26 01:00 AM,2/Aug/26 08:01 AM,2/Aug/26 08:01 AM
ORB-1210,Refactor search filters,Story,In Progress,Medium,Elif Demir,Sprint 8,8,Mobile onboarding,12/Jul/26 01:00 AM,8/Aug/26 09:00 AM,
ORB-1211,Refactor basket total,Bug,In Progress,High,Tomás Ribeiro,Sprint 8,,Account settings,18/Jul/26 05:00 AM,7/Aug/26 09:00 AM,
ORB-1212,Improve invoice PDF,Story,In Review,High,Jonas Weber,Sprint 8,3,Payment retries,19/Jul/26 02:00 AM,8/Aug/26 09:00 AM,
ORB-1213,Remove order history,Story,Done,High,Marta Nowak,Sprint 5,5,Reporting API,27/Jul/26 03:00 PM,1/Aug/26 04:11 AM,1/Aug/26 04:11 AM
ORB-1214,Refactor invoice PDF,Story,Done,High,Samuel Okafor,Sprint 5,8,Reporting API,25/Jul/26 03:00 AM,6/Aug/26 03:27 AM,6/Aug/26 03:27 AM
ORB-1215,Add order history,Bug,Done,Medium,Elif Demir,Sprint 5,,Search relevance,27/Jul/26 07:00 AM,5/Aug/26 05:39 PM,5/Aug/26 05:39 PM
ORB-1216,Add user roles,Bug,Done,Low,Elif Demir,Sprint 6,,Reporting API,22/Jul/26 07:00 AM,16/Aug/26 09:46 PM,16/Aug/26 09:46 PM
ORB-1217,Migrate login timeout,Story,Done,Medium,Jonas Weber,Sprint 6,1,Mobile onboarding,31/Jul/26 04:00 AM,22/Aug/26 03:25 PM,22/Aug/26 03:25 PM
ORB-1218,Document address form,Story,Done,Low,Priya Nair,Sprint 6,5,Account settings,10/Aug/26 01:00 AM,19/Aug/26 07:56 AM,19/Aug/26 07:56 AM
ORB-1219,Document basket total,Bug,Done,Medium,Lena Kraus,Sprint 6,1,Payment retries,6/Aug/26 06:00 AM,20/Aug/26 04:16 PM,20/Aug/26 04:16 PM
ORB-1220,Refactor password reset,Story,Done,Medium,Lena Kraus,Sprint 6,3,Payment retries,28/Jul/26 04:00 AM,20/Aug/26 07:23 AM,20/Aug/26 07:23 AM
ORB-1221,Document address form,Story,Done,Medium,Priya Nair,Sprint 6,13,Search relevance,16/Aug/26 04:00 PM,16/Aug/26 08:50 PM,16/Aug/26 08:50 PM
ORB-1222,Handle error banner,Story,Done,Low,Aiko Tanaka,Sprint 6,5,Account settings,16/Aug/26 01:00 PM,19/Aug/26 04:51 PM,19/Aug/26 04:51 PM
ORB-1223,Document basket total,Story,Done,Medium,Marta Nowak,Sprint 6,3,Mobile onboarding,6/Aug/26 09:00 AM,20/Aug/26 01:15 AM,20/Aug/26 01:15 AM
ORB-1224,Refactor export to CSV,Bug,Done,Medium,Marta Nowak,Sprint 6,,Payment retries,3/Aug/26 07:00 AM,16/Aug/26 01:33 PM,16/Aug/26 01:33 PM
ORB-1225,Optimise push notifications,Story,Done,High,Elif Demir,Sprint 6,5,Checkout redesign,9/Aug/26 09:00 AM,16/Aug/26 03:40 AM,16/Aug/26 03:40 AM
ORB-1226,Remove push notifications,Task,Done,High,Tomás Ribeiro,Sprint 6,1,Mobile onboarding,7/Aug/26 06:00 AM,20/Aug/26 05:02 PM,20/Aug/26 05:02 PM
ORB-1227,Optimise search filters,Bug,Done,Low,Jonas Weber,Sprint 6,1,Checkout redesign,9/Aug/26 01:00 AM,20/Aug/26 11:41 AM,20/Aug/26 11:41 AM
ORB-1228,Handle invoice PDF,Story,Done,Medium,Elif Demir,Sprint 6,8,Payment retries,16/Aug/26 04:00 PM,16/Aug/26 08:00 PM,16/Aug/26 08:00 PM
ORB-1229,Remove API rate limit,Story,Done,Low,Aiko Tanaka,Sprint 6,13,Account settings,21/Jul/26 07:00 AM,21/Aug/26 07:34 AM,21/Aug/26 07:34 AM
ORB-1230,Handle export to CSV,Story,Done,High,Elif Demir,Sprint 6,5,Checkout redesign,12/Aug/26 12:00 PM,19/Aug/26 07:03 AM,19/Aug/26 07:03 AM
ORB-1231,Improve basket total,Bug,Done,Medium,Samuel Okafor,Sprint 6,3,Checkout redesign,4/Aug/26 08:00 AM,17/Aug/26 07:24 AM,17/Aug/26 07:24 AM
ORB-1232,Refactor address form,Task,In Progress,Medium,Priya Nair,Sprint 8,3,Mobile onboarding,27/Jul/26 01:00 AM,11/Aug/26 09:00 AM,
ORB-1233,Document invoice PDF,Story,Done,Medium,Marta Nowak,Sprint 6,5,Mobile onboarding,4/Aug/26 01:00 AM,20/Aug/26 11:41 AM,20/Aug/26 11:41 AM
ORB-1234,Validate password reset,Story,Done,High,Lena Kraus,Sprint 6,5,Mobile onboarding,4/Aug/26 01:00 AM,22/Aug/26 04:52 AM,22/Aug/26 04:52 AM
ORB-1235,Handle search filters,Bug,Done,Medium,Marta Nowak,Sprint 6,3,Mobile onboarding,7/Aug/26 06:00 AM,19/Aug/26 09:20 PM,19/Aug/26 09:20 PM
ORB-1236,Optimise user roles,Bug,Done,High,Tomás Ribeiro,Sprint 6,1,Account settings,21/Jul/26 03:00 AM,21/Aug/26 04:27 AM,21/Aug/26 04:27 AM
ORB-1237,Refactor order history,Task,In Progress,High,Jonas Weber,Sprint 8,2,Checkout redesign,12/Aug/26 09:00 AM,22/Aug/26 09:00 AM,
ORB-1238,Handle push notifications,Story,Done,Medium,Jonas Weber,Sprint 6,13,Account settings,25/Jul/26 07:00 AM,20/Aug/26 09:47 AM,20/Aug/26 09:47 AM
ORB-1239,Handle search filters,Story,Done,Medium,Samuel Okafor,Sprint 6,3,Reporting API,26/Jul/26 01:00 AM,22/Aug/26 10:23 PM,22/Aug/26 10:23 PM
ORB-1240,Document export to CSV,Story,Done,Medium,Aiko Tanaka,Sprint 6,5,Payment retries,15/Aug/26 05:00 PM,15/Aug/26 09:00 PM,15/Aug/26 09:00 PM
ORB-1241,Improve address form,Story,Done,Medium,Aiko Tanaka,Sprint 6,3,Checkout redesign,5/Aug/26 07:00 AM,11/Aug/26 02:42 AM,11/Aug/26 02:42 AM
ORB-1242,Optimise export to CSV,Bug,In Review,Low,Lena Kraus,Sprint 8,,Payment retries,16/Aug/26 05:00 PM,16/Aug/26 09:00 AM,
ORB-1243,Improve search filters,Story,Done,Medium,Marta Nowak,Sprint 6,3,Account settings,5/Aug/26 02:00 AM,17/Aug/26 05:51 PM,17/Aug/26 05:51 PM
ORB-1244,Refactor basket total,Story,Done,Medium,Tomás Ribeiro,Sprint 6,5,Checkout redesign,28/Jul/26 02:00 AM,19/Aug/26 11:36 PM,19/Aug/26 11:36 PM
ORB-1245,Refactor user roles,Story,Done,High,Lena Kraus,Sprint 6,3,Reporting API,12/Aug/26 09:00 AM,13/Aug/26 10:12 AM,13/Aug/26 10:12 AM
ORB-1246,Add basket total,Bug,Done,Medium,Lena Kraus,Sprint 6,3,Mobile onboarding,30/Jul/26 02:00 AM,15/Aug/26 06:02 AM,15/Aug/26 06:02 AM
ORB-1247,Fix login timeout,Story,Done,High,Lena Kraus,Sprint 6,1,Mobile onboarding,10/Aug/26 05:00 AM,22/Aug/26 12:52 AM,22/Aug/26 12:52 AM
ORB-1248,Document export to CSV,Story,Done,High,Tomás Ribeiro,Sprint 6,5,Payment retries,16/Aug/26 04:00 PM,16/Aug/26 08:00 PM,16/Aug/26 08:00 PM
ORB-1249,Remove error banner,Story,Done,High,Samuel Okafor,Sprint 6,5,Reporting API,22/Jul/26 01:00 AM,20/Aug/26 05:54 PM,20/Aug/26 05:54 PM
ORB-1250,Handle push notifications,Bug,Done,Low,Lena Kraus,Sprint 6,2,Mobile onboarding,28/Jul/26 04:00 AM,11/Aug/26 11:00 AM,11/Aug/26 11:00 AM
ORB-1251,Migrate invoice PDF,Story,Done,Medium,Tomás Ribeiro,Sprint 6,5,Search relevance,24/Jul/26 03:00 AM,19/Aug/26 04:36 AM,19/Aug/26 04:36 AM
ORB-1252,Remove search filters,Story,Done,Highest,Jonas Weber,Sprint 6,5,Search relevance,10/Aug/26 07:00 AM,17/Aug/26 03:15 PM,17/Aug/26 03:15 PM
ORB-1253,Handle order history,Story,Done,Medium,Elif Demir,Sprint 6,3,Mobile onboarding,14/Aug/26 11:00 AM,20/Aug/26 06:06 PM,20/Aug/26 06:06 PM
ORB-1254,Refactor invoice PDF,Story,Done,Medium,Lena Kraus,Sprint 6,3,Payment retries,8/Aug/26 01:00 AM,19/Aug/26 01:25 PM,19/Aug/26 01:25 PM
ORB-1255,Refactor push notifications,Story,Done,Medium,Samuel Okafor,Sprint 6,8,Account settings,27/Jul/26 08:00 AM,17/Aug/26 06:45 AM,17/Aug/26 06:45 AM
ORB-1256,Optimise user roles,Story,Done,Low,Priya Nair,Sprint 6,3,Mobile onboarding,15/Aug/26 04:00 PM,16/Aug/26 08:40 PM,16/Aug/26 08:40 PM
ORB-1257,Add user roles,Task,To Do,Medium,Samuel Okafor,Sprint 8,3,Search relevance,3/Aug/26 02:00 AM,15/Aug/26 09:00 AM,
ORB-1258,Optimise order history,Task,Done,High,Aiko Tanaka,Sprint 6,3,Account settings,23/Jul/26 07:00 AM,13/Aug/26 09:19 AM,13/Aug/26 09:19 AM
ORB-1259,Improve user roles,Bug,Done,Medium,Marta Nowak,Sprint 6,1,Account settings,9/Aug/26 04:00 AM,17/Aug/26 04:40 PM,17/Aug/26 04:40 PM
ORB-1260,Refactor invoice PDF,Bug,Done,High,Tomás Ribeiro,Sprint 6,1,Account settings,4/Aug/26 03:00 AM,19/Aug/26 12:51 AM,19/Aug/26 12:51 AM
ORB-1261,Handle address form,Bug,Done,Highest,Elif Demir,Sprint 7,2,Search relevance,18/Aug/26 08:00 AM,2/Sep/26 08:20 PM,2/Sep/26 08:20 PM
ORB-1262,Validate address form,Story,Done,Medium,Jonas Weber,Sprint 7,3,Checkout redesign,23/Aug/26 08:00 AM,31/Aug/26 10:12 PM,31/Aug/26 10:12 PM
ORB-1263,Migrate login timeout,Story,Done,Medium,Priya Nair,Sprint 7,13,Reporting API,22/Aug/26 04:00 AM,31/Aug/26 10:03 PM,31/Aug/26 10:03 PM
ORB-1264,Add error banner,Story,Done,High,Tomás Ribeiro,Sprint 7,3,Reporting API,22/Aug/26 01:00 AM,2/Sep/26 08:06 PM,2/Sep/26 08:06 PM
ORB-1265,Remove API rate limit,Story,Done,Low,Lena Kraus,Sprint 7,13,Checkout redesign,20/Aug/26 08:00 AM,3/Sep/26 04:12 PM,3/Sep/26 04:12 PM
ORB-1266,Validate export to CSV,Story,Done,Low,Lena Kraus,Sprint 7,5,Mobile onboarding,12/Aug/26 02:00 AM,5/Sep/26 04:02 AM,5/Sep/26 04:02 AM
ORB-1267,Add password reset,Task,Done,High,Priya Nair,Sprint 7,3,Search relevance,28/Aug/26 03:00 PM,2/Sep/26 09:57 AM,2/Sep/26 09:57 AM
ORB-1268,Fix export to CSV,Spike,Done,Medium,Elif Demir,Sprint 7,3,Checkout redesign,14/Aug/26 01:00 AM,31/Aug/26 08:44 AM,31/Aug/26 08:44 AM
ORB-1269,Improve API rate limit,Task,Done,High,Elif Demir,Sprint 7,2,Account settings,5/Aug/26 02:00 AM,5/Sep/26 09:43 AM,5/Sep/26 09:43 AM
ORB-1270,Improve basket total,Story,To Do,Medium,Elif Demir,Sprint 8,1,Reporting API,26/Aug/26 09:00 AM,1/Sep/26 09:00 AM,
ORB-1271,Fix address form,Bug,Done,Medium,Tomás Ribeiro,Sprint 7,,Search relevance,24/Aug/26 01:00 PM,28/Aug/26 08:22 AM,28/Aug/26 08:22 AM
ORB-1272,Add password reset,Story,Done,High,Jonas Weber,Sprint 7,5,Search relevance,29/Aug/26 12:00 PM,29/Aug/26 04:00 PM,29/Aug/26 04:00 PM
ORB-1273,Add API rate limit,Story,Done,Medium,Priya Nair,Sprint 7,2,Reporting API,22/Aug/26 05:00 AM,1/Sep/26 11:56 PM,1/Sep/26 11:56 PM
ORB-1274,Remove search filters,Spike,Done,Low,Marta Nowak,Sprint 7,3,Reporting API,10/Aug/26 07:00 AM,2/Sep/26 07:23 AM,2/Sep/26 07:23 AM
ORB-1275,Optimise basket total,Story,Done,Medium,Elif Demir,Sprint 7,2,Mobile onboarding,23/Aug/26 07:00 AM,25/Aug/26 03:15 PM,25/Aug/26 03:15 PM
ORB-1276,Refactor user roles,Story,Done,Medium,Samuel Okafor,Sprint 7,13,Reporting API,7/Aug/26 07:00 AM,1/Sep/26 10:01 AM,1/Sep/26 10:01 AM
ORB-1277,Document export to CSV,Story,Done,Low,Elif Demir,Sprint 7,5,Account settings,26/Aug/26 02:00 PM,2/Sep/26 02:01 PM,2/Sep/26 02:01 PM
ORB-1278,Add address form,Story,Done,High,Tomás Ribeiro,Sprint 7,8,Reporting API,25/Aug/26 10:00 AM,3/Sep/26 06:40 AM,3/Sep/26 06:40 AM
ORB-1279,Improve user roles,Story,Done,High,Samuel Okafor,Sprint 7,5,Search relevance,19/Aug/26 01:00 AM,2/Sep/26 04:01 PM,2/Sep/26 04:01 PM
ORB-1280,Improve address form,Story,Done,Medium,Marta Nowak,Sprint 7,2,Checkout redesign,24/Aug/26 03:00 PM,30/Aug/26 08:15 PM,30/Aug/26 08:15 PM
ORB-1281,Fix address form,Bug,Done,High,Jonas Weber,Sprint 7,2,Account settings,24/Aug/26 10:00 AM,5/Sep/26 02:19 PM,5/Sep/26 02:19 PM
ORB-1282,Document search filters,Story,In Progress,Medium,Tomás Ribeiro,Sprint 8,3,Reporting API,27/Aug/26 04:00 PM,26/Aug/26 09:00 AM,
ORB-1283,Refactor push notifications,Story,Done,Medium,Aiko Tanaka,Sprint 7,3,Mobile onboarding,25/Aug/26 04:00 PM,28/Aug/26 03:53 AM,28/Aug/26 03:53 AM
ORB-1284,Optimise user roles,Task,Done,Medium,Samuel Okafor,Sprint 7,2,Search relevance,9/Aug/26 08:00 AM,3/Sep/26 07:41 PM,3/Sep/26 07:41 PM
ORB-1285,Remove address form,Story,Done,Low,Marta Nowak,Sprint 7,13,Checkout redesign,22/Aug/26 06:00 AM,31/Aug/26 12:30 AM,31/Aug/26 12:30 AM
ORB-1286,Fix password reset,Story,Done,Medium,Elif Demir,Sprint 7,8,Reporting API,13/Aug/26 07:00 AM,27/Aug/26 08:34 AM,27/Aug/26 08:34 AM
ORB-1287,Remove login timeout,Story,Done,Medium,Priya Nair,Sprint 7,13,Mobile onboarding,5/Aug/26 01:00 AM,30/Aug/26 12:44 AM,30/Aug/26 12:44 AM
ORB-1288,Validate password reset,Bug,Done,Low,Samuel Okafor,Sprint 7,3,Reporting API,9/Aug/26 04:00 AM,3/Sep/26 08:43 PM,3/Sep/26 08:43 PM
ORB-1289,Remove invoice PDF,Story,In Progress,Medium,Tomás Ribeiro,Sprint 8,1,Checkout redesign,24/Aug/26 12:00 PM,3/Sep/26 09:00 AM,
ORB-1290,Validate password reset,Spike,Done,High,Aiko Tanaka,Sprint 7,3,Account settings,5/Aug/26 09:00 AM,28/Aug/26 09:30 PM,28/Aug/26 09:30 PM
ORB-1291,Fix login timeout,Story,Done,Medium,Marta Nowak,Sprint 7,5,Payment retries,16/Aug/26 04:00 AM,2/Sep/26 08:04 PM,2/Sep/26 08:04 PM
ORB-1292,Handle push notifications,Story,In Progress,Medium,Lena Kraus,Sprint 8,2,Mobile onboarding,24/Aug/26 05:00 PM,28/Aug/26 09:00 AM,
ORB-1293,Fix login timeout,Story,In Progress,Medium,Priya Nair,Sprint 8,1,Mobile onboarding,22/Aug/26 08:00 AM,3/Sep/26 09:00 AM,
ORB-1294,Add error banner,Bug,Done,Low,Priya Nair,Sprint 7,1,Payment retries,5/Aug/26 07:00 AM,30/Aug/26 03:40 PM,30/Aug/26 03:40 PM
ORB-1295,Document address form,Story,Done,Medium,Jonas Weber,Sprint 7,3,Payment retries,21/Aug/26 03:00 AM,30/Aug/26 12:28 AM,30/Aug/26 12:28 AM
ORB-1296,Validate error banner,Bug,Done,Medium,Aiko Tanaka,Sprint 7,2,Search relevance,18/Aug/26 09:00 AM,31/Aug/26 09:42 PM,31/Aug/26 09:42 PM
ORB-1297,Improve order history,Story,Done,Low,Lena Kraus,Sprint 7,1,Payment retries,24/Aug/26 04:00 AM,28/Aug/26 06:47 AM,28/Aug/26 06:47 AM
ORB-1298,Add invoice PDF,Story,Done,Medium,Marta Nowak,Sprint 7,8,Checkout redesign,6/Aug/26 01:00 AM,30/Aug/26 03:59 AM,30/Aug/26 03:59 AM
ORB-1299,Validate invoice PDF,Story,Done,Low,Jonas Weber,Sprint 7,3,Checkout redesign,17/Aug/26 08:00 AM,3/Sep/26 02:25 PM,3/Sep/26 02:25 PM
ORB-1300,Add error banner,Spike,Done,Medium,Jonas Weber,Sprint 7,3,Payment retries,23/Aug/26 06:00 AM,5/Sep/26 04:11 PM,5/Sep/26 04:11 PM
ORB-1301,Document user roles,Task,Done,Medium,Samuel Okafor,Sprint 7,2,Mobile onboarding,23/Aug/26 03:00 AM,1/Sep/26 04:50 AM,1/Sep/26 04:50 AM
ORB-1302,Migrate API rate limit,Story,Done,Medium,Samuel Okafor,Sprint 7,2,Reporting API,10/Aug/26 05:00 AM,1/Sep/26 08:12 PM,1/Sep/26 08:12 PM
ORB-1303,Remove basket total,Story,Done,High,Samuel Okafor,Sprint 8,3,Reporting API,31/Aug/26 08:00 AM,16/Sep/26 05:46 PM,16/Sep/26 05:46 PM
ORB-1304,Refactor address form,Story,Done,Medium,Tomás Ribeiro,Sprint 8,13,Reporting API,28/Aug/26 08:00 AM,15/Sep/26 09:17 AM,15/Sep/26 09:17 AM
ORB-1305,Improve API rate limit,Story,Done,Highest,Marta Nowak,Sprint 8,5,Mobile onboarding,4/Sep/26 07:00 AM,17/Sep/26 06:27 PM,17/Sep/26 06:27 PM
ORB-1306,Fix error banner,Task,In Review,Medium,Tomás Ribeiro,Sprint 8,3,Account settings,31/Aug/26 03:00 AM,13/Sep/26 09:00 AM,
ORB-1307,Validate search filters,Bug,Done,Medium,Jonas Weber,Sprint 8,,Checkout redesign,28/Aug/26 06:00 AM,12/Sep/26 08:59 PM,12/Sep/26 08:59 PM
ORB-1308,Migrate basket total,Story,In Review,Low,Tomás Ribeiro,Sprint 8,5,Payment retries,24/Aug/26 05:00 AM,18/Sep/26 09:00 AM,
ORB-1309,Improve address form,Bug,Done,High,Aiko Tanaka,Sprint 8,1,Account settings,9/Sep/26 01:00 PM,14/Sep/26 10:18 AM,14/Sep/26 10:18 AM
ORB-1310,Optimise user roles,Bug,In Progress,Medium,Aiko Tanaka,Sprint 8,3,Account settings,7/Sep/26 04:00 AM,15/Sep/26 09:00 AM,
ORB-1311,Document search filters,Task,In Progress,Medium,Lena Kraus,Sprint 8,3,Checkout redesign,9/Sep/26 10:00 AM,19/Sep/26 09:00 AM,
ORB-1312,Optimise basket total,Bug,In Progress,Highest,Lena Kraus,Sprint 8,,Reporting API,13/Sep/26 10:00 AM,11/Sep/26 09:00 AM,
ORB-1313,Migrate basket total,Task,To Do,Medium,Marta Nowak,Sprint 8,3,Checkout redesign,1/Sep/26 09:00 AM,16/Sep/26 09:00 AM,
ORB-1314,Document search filters,Spike,Done,Medium,Lena Kraus,Sprint 8,2,Search relevance,18/Aug/26 09:00 AM,12/Sep/26 05:41 PM,12/Sep/26 05:41 PM
ORB-1315,Document export to CSV,Task,Done,Medium,Samuel Okafor,Sprint 8,3,Checkout redesign,4/Sep/26 09:00 AM,14/Sep/26 06:21 AM,14/Sep/26 06:21 AM
ORB-1316,Improve address form,Task,In Progress,High,Priya Nair,Sprint 8,1,Reporting API,22/Aug/26 08:00 AM,11/Sep/26 09:00 AM,
ORB-1317,Remove order history,Story,To Do,Medium,Jonas Weber,Sprint 8,13,Checkout redesign,10/Sep/26 12:00 PM,9/Sep/26 09:00 AM,
ORB-1318,Handle order history,Story,In Review,Medium,Tomás Ribeiro,Sprint 8,1,Mobile onboarding,7/Sep/26 09:00 AM,14/Sep/26 09:00 AM,
ORB-1319,Handle basket total,Task,Done,Low,Jonas Weber,Sprint 8,1,Reporting API,28/Aug/26 09:00 AM,12/Sep/26 09:42 AM,12/Sep/26 09:42 AM
ORB-1320,Remove password reset,Bug,In Review,Medium,Elif Demir,Sprint 8,,Reporting API,25/Aug/26 08:00 AM,16/Sep/26 09:00 AM,
ORB-1321,Document export to CSV,Story,In Review,Medium,Priya Nair,Sprint 8,3,Mobile onboarding,7/Sep/26 05:00 AM,10/Sep/26 09:00 AM,
ORB-1322,Remove push notifications,Story,To Do,Low,Jonas Weber,Sprint 8,5,Payment retries,20/Aug/26 06:00 AM,12/Sep/26 09:00 AM,
ORB-1323,Migrate export to CSV,Story,To Do,High,Marta Nowak,Sprint 8,2,Payment retries,27/Aug/26 02:00 AM,14/Sep/26 09:00 AM,
ORB-1324,Optimise order history,Bug,Done,Medium,Marta Nowak,Sprint 8,2,Checkout redesign,25/Aug/26 02:00 AM,14/Sep/26 07:44 AM,14/Sep/26 07:44 AM
ORB-1325,Remove API rate limit,Bug,In Progress,Medium,Priya Nair,Sprint 8,,Mobile onboarding,26/Aug/26 03:00 AM,12/Sep/26 09:00 AM,
ORB-1326,Refactor export to CSV,Story,Done,Medium,Samuel Okafor,Sprint 8,5,Account settings,7/Sep/26 04:00 AM,17/Sep/26 05:57 AM,17/Sep/26 05:57 AM
ORB-1327,Validate API rate limit,Task,To Do,Medium,Tomás Ribeiro,Sprint 8,2,Reporting API,8/Sep/26 04:00 PM,12/Sep/26 09:00 AM,
ORB-1328,Migrate order history,Bug,Done,Highest,Priya Nair,Sprint 8,3,Search relevance,21/Aug/26 01:00 AM,15/Sep/26 03:21 PM,15/Sep/26 03:21 PM
ORB-1329,Validate invoice PDF,Bug,To Do,High,Aiko Tanaka,Sprint 8,1,Mobile onboarding,7/Sep/26 09:00 AM,13/Sep/26 09:00 AM,
ORB-1330,Handle push notifications,Story,Done,Medium,Elif Demir,Sprint 8,13,Mobile onboarding,26/Aug/26 01:00 AM,9/Sep/26 07:08 PM,9/Sep/26 07:08 PM
ORB-1331,Remove order history,Spike,Done,Low,Lena Kraus,Sprint 8,3,Payment retries,30/Aug/26 01:00 AM,15/Sep/26 08:59 AM,15/Sep/26 08:59 AM
ORB-1332,Validate login timeout,Story,To Do,Medium,Elif Demir,Sprint 8,5,Checkout redesign,31/Aug/26 09:00 AM,11/Sep/26 09:00 AM,
ORB-1333,Validate error banner,Story,In Progress,Low,Priya Nair,Sprint 8,2,Payment retries,20/Aug/26 07:00 AM,14/Sep/26 09:00 AM,
ORB-1334,Fix API rate limit,Bug,Done,Highest,Aiko Tanaka,Sprint 8,1,Search relevance,21/Aug/26 09:00 AM,11/Sep/26 01:29 PM,11/Sep/26 01:29 PM
ORB-1335,Document invoice PDF,Story,In Review,Medium,Tomás Ribeiro,Sprint 8,8,Account settings,7/Sep/26 05:00 PM,10/Sep/26 09:00 AM,
ORB-1336,Optimise basket total,Task,To Do,Medium,Jonas Weber,Sprint 8,2,Reporting API,8/Sep/26 12:00 PM,14/Sep/26 09:00 AM,
ORB-1337,Add order history,Bug,Done,Medium,Elif Demir,Sprint 8,3,Mobile onboarding,24/Aug/26 06:00 AM,16/Sep/26 07:47 PM,16/Sep/26 07:47 PM
ORB-1338,Migrate invoice PDF,Story,Done,High,Aiko Tanaka,Sprint 8,5,Reporting API,3/Sep/26 05:00 AM,18/Sep/26 06:53 PM,18/Sep/26 06:53 PM
ORB-1339,Migrate push notifications,Story,In Progress,Medium,Aiko Tanaka,Sprint 8,3,Reporting API,12/Sep/26 04:00 PM,18/Sep/26 09:00 AM,
ORB-1340,Validate export to CSV,Bug,In Progress,Medium,Aiko Tanaka,Sprint 8,1,Search relevance,7/Sep/26 08:00 AM,16/Sep/26 09:00 AM,
ORB-1341,Optimise error banner,Bug,In Progress,Highest,Samuel Okafor,Sprint 8,1,Account settings,24/Aug/26 04:00 AM,10/Sep/26 09:00 AM,
ORB-1342,Remove login timeout,Story,In Review,High,Elif Demir,Sprint 8,5,Account settings,9/Sep/26 03:00 PM,15/Sep/26 09:00 AM,
ORB-1343,Add push notifications,Bug,In Review,Medium,Lena Kraus,Sprint 8,2,Payment retries,7/Sep/26 03:00 AM,12/Sep/26 09:00 AM,
ORB-1344,Refactor basket total,Bug,Done,Medium,Samuel Okafor,Sprint 8,2,Reporting API,18/Aug/26 04:00 AM,12/Sep/26 09:18 AM,12/Sep/26 09:18 AM
ORB-1345,Fix address form,Spike,In Progress,High,Tomás Ribeiro,Sprint 8,3,Search relevance,22/Aug/26 03:00 AM,19/Sep/26 09:00 AM,
